Date,Item,Value,Label,unit,Note,Category,Color,Size
2018-02-20T14:29:52-05:00,Butter,1,,,,Nutrition,3,0.5
2018-02-20T15:39:26-05:00,Tortuga,1,,,SoundCloud,2,.5
2018-02-20T15:41:29-05:00,Repeater,1,,,SoundCloud, Audio,8,.5
2018-02-20T16:30:46-05:00,Butter, 1,,,,Nutrition,3,0.5
2018-02-20T16:40:33-05:00,Tortuga,1,,,Pandora, Audio,2,.5
2018-02-20T18:38:43-05:00,Reptile,1,,,Pandora, Audio,1,.5
2018-02-20T19:18:02-05:00,Water,20,,ounces,,Health,1,1
2018-02-20T21:38:35-05:00,Tortuga,1,,,Pandora, Audio,2,.5
2018-02-20T21:41:12-05:00, Ketones,40,,mg/dL,,Health,3,1
2018-02-20T22:19:27-05:00,Meal, 1,,,,Nutrition,1,0.5
2018-02-20T22:20:59-05:00,Water,20,,ounces,,Health,1,1
2018-02-21T00:22:32-05:00,Alcohol, 2,,,,Nutrition,6,1
2018-02-21T04:09:36-05:00, Steps,12011,,,,Health,5,1.71585714285714285714285714285714285714
2018-02-21T04:24:22-05:00,Water,20,,ounces,,Health,1,1
2018-02-21T04:24:41-05:00, Ketones,40,,mg/dL,,Health,3,1
2018-02-21T04:44:07-05:00,Fiction,1,,,OverDrive, Audio,6,.5
2018-02-21T12:14:06-05:00, Sleep,7,,hrs,,Health,6,1
2018-02-21T12:17:23-05:00, Ketones,15,,mg/dL,,Health,3,0.375
2018-02-21T12:20:14-05:00, Weight,137,,lb,,Health,4,1
2018-02-21T12:43:26-05:00,Butter, 1,,,,Nutrition,3,0.5
2018-02-21T13:43:51-05:00,Water,20,,ounces,,Health,1,1
2018-02-21T17:37:03-05:00,Sweets, 1,,,Donut with Renato,Nutrition,5,1.5
2018-02-21T20:16:54-05:00,Water,20,,ounces,,Health,1,1
2018-02-21T20:19:53-05:00,Meal, 1,,,Gyro salad,Nutrition,1,0.5
2018-02-21T20:21:19-05:00, Steps,20316,,,,Health,5,2.90228571428571428571428571428571428571
2018-02-21T20:29:57-05:00,Reptile,1,,,Pandora, Audio,1,.5
2018-02-21T23:07:59-05:00,Water,20,,ounces,,Health,1,1
2018-02-21T23:36:07-05:00,Tortuga,1,,,Pandora, Audio,2,.5
2018-02-21T23:41:06-05:00,Meal, 1,,,,Nutrition,1,0.5
2018-02-22T00:11:20-05:00, Ketones,15,,mg/dL,,Health,3,0.375
2018-02-22T00:50:34-05:00,Alcohol, 1,,,,Nutrition,6,0.5
2018-02-22T00:52:04-05:00, Steps,13912,,,,Health,5,1.98742857142857142857142857142857142857
2018-02-22T01:18:18-05:00,Snack, 1,,,,Nutrition,2,0.5
2018-02-22T01:38:44-05:00,Water,20,,ounces,,Health,1,1
2018-02-22T03:09:24-05:00,Nonfiction,1,,,OverDrive, Audio,7,.5
2018-02-22T12:33:54-05:00, Sleep,7.1,,hrs,,Health,6,1
2018-02-22T12:43:25-05:00, Ketones,5,,mg/dL,,Health,3,0.125
2018-02-22T12:43:38-05:00, Weight,137.8,,lb,,Health,4,1.4
2018-02-22T12:44:47-05:00,Nonfiction,1,,,OverDrive, Audio,7,.5
2018-02-22T14:15:02-05:00,Nonfiction,1,,,OverDrive, Audio,7,.5
2018-02-22T14:32:46-05:00, Caffeine,180,,mg,, Health,2,1.3333333333333333333333333333333333333
2018-02-22T14:33:03-05:00, Caffeine,180,,mg,, Health,2,1.3333333333333333333333333333333333333
2018-02-22T16:40:06-05:00,Nonfiction,1,,,OverDrive, Audio,7,.5
2018-02-22T18:17:29-05:00,Tortuga,1,,,Pandora, Audio,2,.5
2018-02-22T18:22:38-05:00, Ketones,15,,mg/dL,,Health,3,0.375
2018-02-22T18:27:19-05:00,Meal, 1,,,,Nutrition,1,0.5
2018-02-22T19:08:14-05:00, Caffeine,180,,mg,, Health,2,1.3333333333333333333333333333333333333
2018-02-22T23:53:50-05:00, Ketones,40,,mg/dL,,Health,3,1
2018-02-22T23:55:21-05:00,Repeater,1,,,Amazon, Audio,8,.5
2018-02-23T00:43:33-05:00,Snack, 1,,,,Nutrition,2,0.5
2018-02-23T00:43:43-05:00,Water,20,,ounces,,Health,1,1
2018-02-23T04:41:31-05:00, Steps,9482,,,,Health,5,1.35457142857142857142857142857142857142
2018-02-23T12:20:01-05:00, Sleep,7.1,,hrs,,Health,6,1
2018-02-23T12:26:36-05:00, Weight,137.8,,lb,,Health,4,1.4
2018-02-23T12:33:18-05:00,Nonfiction,1,,,OverDrive, Audio,7,.5
2018-02-23T14:21:06-05:00, Caffeine,180,,mg,, Health,2,1.3333333333333333333333333333333333333
2018-02-23T14:21:31-05:00,Water,20,,ounces,,Health,1,1
2018-02-23T14:21:43-05:00,Butter, 1,,,,Nutrition,3,0.5
2018-02-23T14:22:11-05:00,Tortuga,1,,,Pandora, Audio,2,.5
2018-02-23T17:45:34-05:00, Ketones,15,,mg/dL,,Health,3,0.375
2018-02-23T17:45:45-05:00,Butter, 1,,,,Nutrition,3,0.5
2018-02-23T17:45:56-05:00, Caffeine,180,,mg,, Health,2,1.3333333333333333333333333333333333333
2018-02-23T17:46:25-05:00,Tortuga,1,,,Pandora, Audio,2,.5
2018-02-24T10:49:41-05:00, Steps,13618,,,,Health,5,1.94542857142857142857142857142857142857
2018-02-24T11:00:28-05:00, Weight,137.8,,lb,,Health,4,1.4
2018-02-24T12:56:46-05:00,Tortuga,1,,,Pandora, Audio,2,.5
2018-02-24T14:34:36-05:00,Water,20,,ounces,,Health,1,1
2018-02-24T14:41:50-05:00,Water,12,,ounces,,Health,1,0.6
2018-02-24T15:06:29-05:00,Meal, 1,,,,Nutrition,1,0.5
2018-02-24T15:10:34-05:00,Nonfiction,1,,,OverDrive, Audio,7,.5
2018-02-24T16:46:22-05:00,Snack, 1,,,,Nutrition,2,0.5
2018-02-24T21:29:04-05:00,Nonfiction,1,,,OverDrive, Audio,7,.5
2018-02-24T23:58:32-05:00,Meal, 1,,,,Nutrition,1,0.5
2018-02-25T02:14:04-05:00,Water,20,,ounces,,Health,1,1
2018-02-25T02:27:34-05:00,Fiction,1,,,OverDrive, Audio,6,.5
2018-02-25T13:03:30-05:00, Weight,139.6,,lb,,Health,4,2.3
2018-02-25T13:35:24-05:00, Ketones,40,,mg/dL,,Health,3,1
2018-02-25T15:38:24-05:00,Water,12,,ounces,,Health,1,0.6
2018-02-25T15:40:38-05:00,Butter, 1,,,,Nutrition,3,0.5
2018-02-25T15:40:49-05:00, Caffeine,180,,mg,,Health,2,1.3333333333333333333333333333333333333
2018-02-25T15:41:01-05:00,Butter, 1,,,,Nutrition,3,0.5
2018-02-25T15:42:31-05:00, Ketones,15,,mg/dL,,Health,3,0.375
2018-02-25T16:41:58-05:00,Fiction,1,,,OverDrive,Audio,6,.5
2018-02-25T18:24:12-05:00,Snack, 1,,,,Nutrition,2,0.5
2018-02-25T22:18:56-05:00,Tortuga,1,,,Pandora,Audio,2,.5
2018-02-25T23:54:00-05:00, Ketones,15,,mg/dL,,Health,3,0.375
2018-02-25T23:54:13-05:00,Alcohol, 3,,,,Nutrition,6,1.5
2018-02-25T23:55:58-05:00,Fiction,1,,,OverDrive,Audio,6,.5
2018-02-26T07:32:05-05:00,Steps,5782,,,,Health,5,0.826
2018-02-26T07:42:31-05:00,Ketones,40,,mg/dL,,Health,3,1
2018-02-26T07:43:07-05:00,Weight,138.8,,lb,,Health,4,1.9
2018-02-26T07:44:08-05:00,Fiction,1,,,OverDrive,Audio,6,.5
2018-02-26T11:05:09-05:00,Butter, 2,,,,Nutrition,3,1
2018-02-26T11:05:21-05:00,Caffeine,180,,mg,,Health,2,1.3333333333333333333333333333333333333
2018-02-26T11:05:31-05:00,Caffeine,180,,mg,,Health,2,1.3333333333333333333333333333333333333
2018-02-26T12:58:52-05:00,Snack, 1,,,,Nutrition,2,0.5
2018-02-26T13:09:28-05:00,Fiction,1,,,OverDrive, Audio,6,.5
2018-02-26T14:42:30-05:00,Tortuga,1,,,Pandora, Audio,2,.5
2018-02-26T19:34:05-05:00,Alcohol, 3,,,,Nutrition,6,1.5
2018-02-26T22:28:10-05:00,Alcohol, 3,,,,Nutrition,6,1.5
2018-02-27T11:52:04-05:00,Fiction,1,,,OverDrive, Audio,6,.5
2018-02-27T11:52:41-05:00,Sleep,3.8,,hrs,,Health,6,0.54285714285714285714285714285714285714
2018-02-27T11:52:54-05:00,Steps,24090,,,,Health,5,3.4414285714285714285714285714285714285
2018-02-27T12:57:25-05:00,Fiction,1,,,OverDrive, Audio,6,.5
2018-02-27T16:03:29-05:00,Fiction,1,,,OverDrive, Audio,6,.5
2018-02-27T17:31:08-05:00,Water,12,,ounces,,Health,1,0.6
2018-02-27T18:26:54-05:00,Snack, 1,,,,Nutrition,2,0.5
2018-02-27T21:04:55-05:00,Tortuga,1,,,Pandora, Audio,2,.5
2018-02-27T23:46:20-05:00,Fiction,1,,,OverDrive, Audio,6,.5
2018-02-27T23:47:28-05:00,Water,12,,ounces,,Health,1,0.6
2018-02-28T00:17:00-05:00,Steps,12021,,,,Health,5,1.71728571428571428571428571428571428571
2018-02-28T00:25:27-05:00,Ketones,15,,mg/dL,,Health,3,0.375
2018-02-28T11:27:58-05:00,Sleep,8.6,,hrs,,Health,6,1.22857142857142857142857142857142857142
2018-02-28T11:54:27-05:00,Fiction,1,,,OverDrive, Audio,6,.5
2018-02-28T12:21:53-05:00,Weight,139.6,,lb,,Health,4,2.3
2018-02-28T12:22:00-05:00,Water,8,,ounces,,Health,1,0.4
2018-02-28T12:22:11-05:00,Caffeine,180,,mg,,Health,2,1.3333333333333333333333333333333333333
2018-02-28T12:22:18-05:00,Butter, 1,,,,Nutrition,3,0.5
2018-02-28T14:22:47-05:00,Water,12,,ounces,,Health,1,0.6
2018-02-28T14:23:25-05:00,Fiction,1,,,OverDrive, Audio,6,.5
2018-02-28T15:03:35-05:00,Butter, 1,,,,Nutrition,3,0.5
2018-02-28T15:03:44-05:00,Caffeine,180,,mg,,Health,2,1.3333333333333333333333333333333333333
2018-02-28T15:56:02-05:00,Snack, 1,,,,Nutrition,2,0.5
2018-02-28T16:57:59-05:00,Ketones,15,,mg/dL,,Health,3,0.375
2018-02-28T17:12:58-05:00,Snack, 1,,,,Nutrition,2,0.5
2018-02-28T21:23:43-05:00,Fiction,1,,,OverDrive, Audio,6,.5
2018-02-28T21:26:58-05:00,Ketones,40,,mg/dL,,Health,3,1
2018-02-28T22:07:56-05:00,Meal, 1,,,,Nutrition,1,0.5
2018-02-28T22:08:08-05:00,Alcohol, 1,,,,Nutrition,6,0.5
2018-03-01T00:58:55-05:00,Water,20,,ounces,,Health,1,1
2018-03-01T01:36:50-05:00,Steps,8814,,,,Health,5,1.25914285714285714285714285714285714285
2018-03-01T09:40:07-05:00,Weight,138.8,,lb,,Health,4,1.9
2018-03-01T09:40:14-05:00,Ketones,40,,mg/dL,,Health,3,1
2018-03-01T10:22:44-05:00,Butter, 1,,,,Nutrition,3,0.5
2018-03-01T10:22:57-05:00,Caffeine,180,,mg,,Health,2,1.3333333333333333333333333333333333333
2018-03-01T11:14:18-05:00,Water,20,,ounces,,Health,1,1
2018-03-01T11:33:01-05:00,Tortuga,1,,,Pandora, Audio,2,.5
2018-03-01T12:17:34-05:00,Snack, 1,,,,Nutrition,2,0.5
2018-03-01T12:35:16-05:00,Caffeine,180,,mg,,Health,2,1.3333333333333333333333333333333333333
2018-03-01T14:21:07-05:00,Ketones,5,,mg/dL,,Health,3,0.125
2018-03-01T14:24:37-05:00,Caffeine,135,,mg,,Health,2,1
2018-03-01T16:24:52-05:00,Ketones,15,,mg/dL,,Health,3,0.375
2018-03-01T18:52:32-05:00,Water,20,,ounces,,Health,1,1
2018-03-01T18:53:15-05:00,Meal, 1,,,,Nutrition,1,0.5
2018-03-01T19:30:41-05:00,Alcohol, 1,,,,Nutrition,6,0.5
2018-03-01T22:36:17-05:00,Tortuga,1,,,Pandora, Audio,2,.5
2018-03-01T22:48:58-05:00,Snack, 1,,,,Nutrition,2,0.5
2018-03-02T00:36:40-05:00,Snack, 1,,,,Nutrition,2,0.5
2018-03-02T01:07:29-05:00,Water,20,,ounces,,Health,1,1
2018-03-02T01:19:54-05:00,Steps,14819,,,,Health,5,2.117
2018-03-02T09:50:57-05:00,Sleep,,,hrs,,Health,6,
2018-03-02T09:58:30-05:00,Sleep,7.8,,hrs,,Health,6,1.11428571428571428571428571428571428571
2018-03-02T10:10:01-05:00,Ketones,15,,mg/dL,,Health,3,0.375
2018-03-02T10:10:34-05:00,Weight,139.6,,lb,,Health,4,2.3
2018-03-02T10:11:04-05:00,Tortuga,1,,,Pandora, Audio,2,.5
2018-03-02T10:52:01-05:00,Caffeine,180,,mg,,Health,2,1.3333333333333333333333333333333333333
2018-03-02T10:52:15-05:00,Butter, 1,,,,Nutrition,3,0.5
2018-03-02T13:49:35-05:00,Snack, 1,,,,Nutrition,2,0.5
2018-03-02T13:49:49-05:00,Butter, 1,,,,Nutrition,3,0.5
2018-03-02T16:00:15-05:00,Ketones,40,,mg/dL,,Health,3,1
2018-03-02T16:03:46-05:00,Reptile,1,,,Pandora, Audio,1,.5
2018-03-02T16:08:10-05:00,Water,20,,ounces,,Health,1,1
2018-03-02T16:56:43-05:00,Podcast,1,,,Podcasts, Audio,5,.5
2018-03-02T18:04:55-05:00,Meal, 1,,,,Nutrition,1,0.5
2018-03-02T18:10:21-05:00,Alcohol, 1,,,,Nutrition,6,0.5
2018-03-02T19:10:04-05:00,LWR,1,,,Pandora, Audio,3,.5
2018-03-02T23:15:18-05:00,Alcohol, 1,,,,Nutrition,6,0.5
2018-03-03T04:09:20-05:00,Tortuga,1,,,Pandora, Audio,2,.5
2018-03-03T04:54:01-05:00,Meal, 1,,,,Nutrition,1,0.5
2018-03-03T05:57:37-05:00,Water,20,,ounces,,Health,1,1
2018-03-03T14:49:18-05:00,Caffeine,180,,mg,,Health,2,1.3333333333333333333333333333333333333
2018-03-03T14:49:26-05:00,Butter, 1,,,,Nutrition,3,0.5
2018-03-03T14:50:15-05:00,Sleep,3.6,,hrs,,Health,6,0.51428571428571428571428571428571428571
2018-03-03T14:56:21-05:00,Water,20,,ounces,,Health,1,1
2018-03-03T15:08:44-05:00,Nonfiction,1,,,Other, Audio,7,.5
2018-03-03T15:30:23-05:00,Ketones,15,,mg/dL,,Health,3,0.375
2018-03-03T15:30:57-05:00,Steps,10237,,,,Health,5,1.46242857142857142857142857142857142857
2018-03-03T15:43:37-05:00,Fiction,1,,,OverDrive, Audio,6,.5
2018-03-03T16:33:25-05:00,Meal, 1,,,,Nutrition,1,0.5
2018-03-03T19:08:15-05:00,Meal, 1,,,,Nutrition,1,0.5
2018-03-03T19:08:31-05:00,Fiction,1,,,OverDrive, Audio,6,.5
2018-03-03T21:02:08-05:00,Fiction,1,,,OverDrive, Audio,6,.5
2018-03-04T04:29:47-05:00,Fiction,1,,,OverDrive, Audio,6,.5
2018-03-04T14:33:40-05:00,Caffeine,180,,mg,,Health,2,1.3333333333333333333333333333333333333
2018-03-04T14:33:51-05:00,Butter, 1,,,,Nutrition,3,0.5
2018-03-04T14:54:23-05:00,Fiction,1,,,OverDrive, Audio,6,.5
2018-03-04T16:14:21-05:00,Butter, 1,,,,Nutrition,3,0.5
2018-03-04T16:14:35-05:00,Fruit, 1,,,,Nutrition,4,1
2018-03-04T21:27:27-05:00,Podcast,1,,,Audible, Audio,5,.5
2018-03-04T23:17:54-05:00,Alcohol, 1,,,,Nutrition,6,0.5
2018-03-04T23:18:01-05:00,Meal, 1,,,,Nutrition,1,0.5
2018-03-05T00:36:46-05:00,Fiction,1,,,OverDrive, Audio,6,.5
2018-03-05T09:50:59-05:00,Sleep,8.2,,hrs,,Health,6,1.17142857142857142857142857142857142857
2018-03-05T10:06:30-05:00,Nonfiction,1,,,OverDrive, Audio,7,.5
2018-03-05T12:20:58-05:00,Ketones,5,,mg/dL,,Health,3,0.125
2018-03-05T16:19:56-05:00,Nonfiction,1,,,OverDrive, Audio,7,.5
2018-03-05T16:20:36-05:00,Water,20,,ounces,,Health,1,1
2018-03-06T00:00:46-05:00,Tortuga,1,,,OverDrive, Audio,2,.5
2018-03-06T11:36:38-05:00,Meal, 1,,,,Nutrition,1,0.5
2018-03-06T11:36:50-05:00,Sleep,7,,hrs,,Health,6,1
2018-03-06T11:36:59-05:00,Steps,10077,,,,Health,5,1.43957142857142857142857142857142857142
2018-03-06T11:42:16-05:00,Nonfiction,1,,,OverDrive, Audio,7,.5
2018-03-06T15:24:06-05:00,Nonfiction,1,,,OverDrive, Audio,7,.5
2018-03-06T18:58:50-05:00,Sweets, 1,,,,Nutrition,5,1.5
2018-03-06T18:59:03-05:00,Caffeine,180,,mg,,Health,2,1.3333333333333333333333333333333333333
2018-03-06T18:59:12-05:00,Caffeine,180,,mg,,Health,2,1.3333333333333333333333333333333333333
2018-03-06T19:20:57-05:00,Podcast,1,,,Podcasts, Audio,5,.5
2018-03-06T19:58:19-05:00,Meal, 1,,,,Nutrition,1,0.5
2018-03-06T19:59:00-05:00,Water,20,,ounces,,Health,1,1
2018-03-06T22:47:59-05:00,Snack, 1,,,,Nutrition,2,0.5
2018-03-06T23:36:04-05:00,Steps,19985,,,,Health,5,2.855
2018-03-07T10:19:31-05:00,Sleep,7.8,,hrs,,Health,6,1.11428571428571428571428571428571428571
2018-03-07T10:49:10-05:00,Fiction,1,,,OverDrive, Audio,6,.5
2018-03-07T11:47:11-05:00,Water,20,,ounces,,Health,1,1
2018-03-07T11:47:59-05:00,Weight,138.8,,lb,,Health,4,1.9
2018-03-07T12:34:38-05:00,Butter, 1,,,,Nutrition,3,0.5
2018-03-07T12:34:46-05:00,Caffeine,225,,mg,,Health,2,1.66666666666666666666666666666666666666
2018-03-07T12:52:18-05:00,Podcast,1,,,Podcasts, Audio,5,.5
2018-03-07T13:37:14-05:00,Tortuga,1,,,Pandora, Audio,2,.5
2018-03-07T15:27:32-05:00,Butter, 1,,,,Nutrition,3,0.5
2018-03-07T15:27:43-05:00,Caffeine,180,,mg,,Health,2,1.3333333333333333333333333333333333333
2018-03-07T19:35:36-05:00,Meal, 1,,,,Nutrition,1,0.5
2018-03-07T22:18:39-05:00,Water,20,,ounces,,Health,1,1
2018-03-07T23:51:01-05:00,Steps,20364,,,,Health,5,2.90914285714285714285714285714285714285
2018-03-07T23:58:19-05:00,Fiction,1,,,OverDrive, Audio,6,.5
2018-03-08T11:18:02-05:00,Sleep,7,,hrs,,Health,6,1
2018-03-08T11:45:04-05:00,Weight,139.6,,lb,,Health,4,2.3
2018-03-08T12:12:46-05:00,Caffeine,180,,mg,,Health,2,1.3333333333333333333333333333333333333
2018-03-08T12:12:55-05:00,Water,20,,ounces,,Health,1,1
2018-03-08T12:13:07-05:00,Butter, 1,,,,Nutrition,3,0.5
2018-03-08T13:59:32-05:00,Nonfiction,1,,,OverDrive, Audio,7,.5
2018-03-08T15:56:59-05:00,Meal, 1,,,,Nutrition,1,0.5
2018-03-09T02:25:13-05:00,Steps,6198,,,,Health,5,0.88542857142857142857142857142857142857
2018-03-09T10:59:45-05:00,Sleep,6.1,,hrs,,Health,6,0.87142857142857142857142857142857142857
2018-03-09T11:26:33-05:00,Tortuga,1,,,Pandora, Audio,2,.5
2018-03-09T12:48:01-05:00,Nonfiction,1,,,OverDrive, Audio,7,.5
2018-03-09T17:14:47-05:00,Tortuga,1,,,Pandora, Audio,2,.5
2018-03-09T18:15:57-05:00,Tortuga,1,,,Pandora, Audio,2,.5
2018-03-09T23:51:39-05:00,Water,20,,ounces,,Health,1,1
2018-03-09T23:54:28-05:00,Tortuga,1,,,Pandora, Audio,2,.5
2018-03-10T02:29:16-05:00,Steps,12130,,,,Health,5,1.73285714285714285714285714285714285714
2018-03-10T02:42:33-05:00,Fiction,1,,,OverDrive, Audio,6,.5
2018-03-10T11:58:07-05:00,Sleep,9,,hrs,,Health,6,1.28571428571428571428571428571428571428
2018-03-10T12:48:11-05:00,Weight,139.8,,lb,,Health,4,2.4
2018-03-10T12:48:33-05:00,Butter, 1,,,,Nutrition,3,0.5
2018-03-10T12:48:42-05:00,Caffeine,180,,mg,,Health,2,1.3333333333333333333333333333333333333
2018-03-10T14:13:21-05:00,Nonfiction,1,,,OverDrive, Audio,7,.5
2018-03-10T16:00:56-05:00,Meal, 1,,,,Nutrition,1,0.5
2018-03-10T20:26:04-05:00,Snack, 1,,,,Nutrition,2,0.5
2018-03-11T15:00:14-04:00,Meal, 1,,,,Nutrition,1,0.5
2018-03-12T03:43:36-04:00,Fiction,1,,,OverDrive, Audio,6,.5
2018-03-12T12:57:28-04:00,Weight,140.4,,lb,,Health,4,2.7
2018-03-12T13:04:43-04:00,Podcast,1,,,Podcasts, Audio,5,.5
2018-03-12T15:20:28-04:00,Butter, 1,,,,Nutrition,3,0.5
2018-03-12T15:20:41-04:00,Caffeine,180,,mg,,Health,2,1.3333333333333333333333333333333333333
2018-03-12T15:20:48-04:00,Butter, 1,,,,Nutrition,3,0.5
2018-03-12T15:20:57-04:00,Caffeine,180,,mg,,Health,2,1.3333333333333333333333333333333333333
2018-03-12T21:38:34-04:00,Water,20,,ounces,,Health,1,1
2018-03-12T21:42:19-04:00,Podcast,1,,,Podcasts, Audio,5,.5
2018-03-13T03:59:25-04:00,Steps,9576,,,,Health,5,1.368
2018-03-13T12:19:57-04:00,Water,20,,ounces,,Health,1,1
2018-03-13T14:15:26-04:00,Butter, 1,,,,Nutrition,3,0.5
2018-03-13T14:15:36-04:00,Caffeine,180,,mg,,Health,2,1.3333333333333333333333333333333333333
2018-03-13T18:27:40-04:00,Snack, 1,,,,Nutrition,2,0.5
2018-03-13T18:27:47-04:00,Meal, 1,,,,Nutrition,1,0.5
2018-03-14T01:49:02-04:00,Sweets, 1,,,,Nutrition,5,1.5
2018-03-14T03:58:44-04:00,Water,20,,ounces,,Health,1,1
2018-03-14T12:59:56-04:00,Nonfiction,1,,,OverDrive, Audio,7,.5
2018-03-14T15:22:36-04:00,Tortuga,1,,,Pandora, Audio,2,.5
2018-03-14T16:42:21-04:00,Tortuga,1,,,Pandora, Audio,2,.5
2018-03-14T17:00:07-04:00,Butter, 1,,,,Nutrition,3,0.5
2018-03-14T17:00:31-04:00,Sweets, 1,,,,Nutrition,5,1.5
2018-03-14T17:01:03-04:00,Caffeine,180,,mg,,Health,2,1.3333333333333333333333333333333333333
2018-03-14T17:01:21-04:00,Water,20,,ounces,,Health,1,1
2018-03-14T18:48:53-04:00,Caffeine,180,,mg,,Health,2,1.3333333333333333333333333333333333333
2018-03-14T19:07:30-04:00,Good,1,,,Energized, Mood,1,1
2018-03-14T19:49:45-04:00,Tortuga,1,,,Pandora, Audio,2,.5
2018-03-14T19:52:30-04:00,Ketones,15,,mg/dL,,Health,3,0.375
2018-03-14T19:54:07-04:00,Water,12,,ounces,,Health,1,0.6
2018-03-14T21:30:53-04:00,Sweets, 1,,,,Nutrition,5,1.5
2018-03-14T21:31:01-04:00,Meal, 1,,,,Nutrition,1,0.5
2018-03-15T00:40:11-04:00,Sweets, 1,,,,Nutrition,5,1.5
2018-03-15T03:53:31-04:00,Sweets, 1,,,,Nutrition,5,1.5
2018-03-15T04:15:28-04:00,Fiction,1,,,OverDrive, Audio,6,.5
2018-03-15T12:43:07-04:00,Tortuga,1,,,Pandora, Audio,2,.5
2018-03-15T13:41:27-04:00,Good,1,,,Optimistic, friendly, Mood,1,1
2018-03-15T13:44:21-04:00,Butter, 
1,,,,Nutrition,3,0.5
2018-03-15T13:44:31-04:00,Caffeine,180,,mg,,Health,2,1.3333333333333333333333333333333333333
2018-03-15T16:51:50-04:00,Tortuga,1,,,Pandora, Audio,2,.5
2018-03-15T16:56:21-04:00,Caffeine,180,,mg,,Health,2,1.3333333333333333333333333333333333333
2018-03-15T17:55:20-04:00,Snack, 
1,,,,Nutrition,2,0.5
2018-03-15T18:32:38-04:00,Water,20,,ounces,,Health,1,1
2018-03-15T19:04:46-04:00,Sweets, 
1,,,,Nutrition,5,1.5
2018-03-15T19:38:51-04:00,Tortuga,1,,,Pandora, Audio,2,.5
2018-03-15T20:37:44-04:00,Neural,1,,,Exhausted; headache, Mood,3,1
2018-03-15T23:03:23-04:00,Water,20,,ounces,,Health,1,1
2018-03-16T00:19:06-04:00,Tortuga,1,,,Pandora, Audio,2,.5
2018-03-16T00:51:44-04:00,Water,20,,ounces,,Health,1,1
2018-03-16T03:30:24-04:00,Fiction,1,,,OverDrive, Audio,6,.5
2018-03-16T11:50:03-04:00,Ketones,15,,mg/dL,,Health,3,0.375
2018-03-16T12:53:22-04:00,Weight,139.6,,lb,,Health,4,2.3
2018-03-16T13:01:18-04:00,Podcast,1,,,Podcasts, Audio,5,.5
2018-03-16T13:37:02-04:00,Water,20,,ounces,,Health,1,1
2018-03-16T15:03:04-04:00,Butter, 
1,,,,Nutrition,3,0.5
2018-03-16T15:03:22-04:00,Butter, 
1,,,,Nutrition,3,0.5
2018-03-16T15:03:32-04:00,Caffeine,225,,mg,,Health,2,1.66666666666666666666666666666666666666
2018-03-16T15:52:30-04:00,Sweets, 
1,,,,Nutrition,5,1.5
2018-03-16T18:48:28-04:00,Tortuga,1,,,Pandora, Audio,2,.5
2018-03-16T20:16:35-04:00,Meal, 
1,,,,Nutrition,1,0.5
2018-03-16T20:16:42-04:00,Alcohol, 
1,,,,Nutrition,6,0.5
2018-03-16T20:16:48-04:00,Alcohol, 
1,,,,Nutrition,6,0.5
2018-03-16T21:58:46-04:00,Alcohol, 
1,,,,Nutrition,6,0.5
2018-03-16T21:58:51-04:00,Alcohol, 
1,,,,Nutrition,6,0.5
2018-03-17T00:35:33-04:00,Alcohol, 
1,,,,Nutrition,6,0.5
2018-03-17T00:35:53-04:00,Water,20,,ounces,,Health,1,1
2018-03-17T13:34:49-04:00,Meal, 
1,,,,Nutrition,1,0.5
2018-03-17T13:34:55-04:00,Snack, 
1,,,,Nutrition,2,0.5
2018-03-17T13:35:05-04:00,Caffeine,225,,mg,,Health,2,1.66666666666666666666666666666666666666
2018-03-17T16:08:31-04:00,Meal, 
1,,,,Nutrition,1,0.5
2018-03-17T16:08:40-04:00,Water,20,,ounces,,Health,1,1
2018-03-17T18:03:58-04:00,Tortuga,1,,,Pandora, Audio,2,.5
2018-03-17T20:11:46-04:00,Reptile,1,,,Pandora, Audio,1,.5
2018-03-17T22:11:16-04:00,Tortuga,1,,,Pandora, Audio,2,.5
2018-03-18T05:11:57-04:00,Repeater,1,,,SoundCloud, Audio,8,.5
2018-03-18T16:10:52-04:00,Meal, 
1,,,,Nutrition,1,0.5
2018-03-18T16:11:05-04:00,Caffeine,180,,mg,,Health,2,1.3333333333333333333333333333333333333
2018-03-18T16:11:51-04:00,Tortuga,1,,,Pandora, Audio,2,.5
2018-03-18T19:04:16-04:00,Meal, 
1,,,,Nutrition,1,0.5
2018-03-18T20:12:59-04:00,Water,16,,ounces,,Health,1,0.8
2018-03-18T21:29:23-04:00,Water,16,,ounces,,Health,1,0.8
2018-03-18T21:30:25-04:00,Nonfiction,1,,,OverDrive, Audio,7,.5
2018-03-19T02:16:45-04:00,Fiction,1,,,OverDrive, Audio,6,.5
2018-03-19T13:33:45-04:00,Tortuga,1,,,Pandora, Audio,2,.5
2018-03-19T14:23:01-04:00,Water,16,,ounces,,Health,1,0.8
2018-03-19T15:46:42-04:00,Caffeine,180,,mg,,Health,2,1.3333333333333333333333333333333333333
2018-03-19T15:46:52-04:00,Water,20,,ounces,,Health,1,1
2018-03-19T15:47:03-04:00,Caffeine,180,,mg,,Health,2,1.3333333333333333333333333333333333333
2018-03-19T15:47:08-04:00,Butter, 
1,,,,Nutrition,3,0.5
2018-03-19T15:47:31-04:00,Good,1,,,Optimistic, Mood,1,1
2018-03-19T16:47:28-04:00,Nonfiction,1,,,OverDrive, Audio,7,.5
2018-03-19T17:02:00-04:00,Weight,140.4,,lb,,Health,4,2.7
2018-03-19T18:41:13-04:00,Meal, 
1,,,,Nutrition,1,0.5
2018-03-19T22:08:44-04:00,Meal, 
1,,,,Nutrition,1,0.5
2018-03-19T22:08:52-04:00,Water,20,,ounces,,Health,1,1
2018-03-19T22:08:59-04:00,Ketones,15,,mg/dL,,Health,3,0.375
2018-03-20T03:23:36-04:00,Nonfiction,1,,,OverDrive, Audio,7,.5
2018-03-20T04:26:10-04:00,Fiction,1,,,Audible, Audio,6,.5
2018-03-20T11:36:38-04:00,Water,20,,ounces,,Health,1,1
2018-03-20T11:36:49-04:00,Caffeine,180,,mg,,Health,2,1.3333333333333333333333333333333333333
2018-03-20T11:37:01-04:00,Butter, 
1,,,,Nutrition,3,0.5
2018-03-20T11:38:06-04:00,Fiction,1,,,Audible, Audio,6,.5
2018-03-20T16:08:50-04:00,Caffeine,180,,mg,,Health,2,1.3333333333333333333333333333333333333
2018-03-20T16:36:10-04:00,Water,20,,ounces,,Health,1,1
2018-03-20T16:36:23-04:00,Snack, 
1,,,,Nutrition,2,0.5
2018-03-20T17:06:25-04:00,Sweets, 
1,,,,Nutrition,5,1.5
2018-03-20T19:16:42-04:00,Fiction,1,,,Audible, Audio,6,.5
2018-03-20T19:53:10-04:00,Fruit, 
1,,,,Nutrition,4,1
2018-03-20T19:53:16-04:00,Fruit, 
1,,,,Nutrition,4,1
2018-03-20T23:54:26-04:00,Alcohol, 
1,,,,Nutrition,6,0.5
2018-03-21T00:27:18-04:00,Ketones,15,,mg/dL,,Health,3,0.375
2018-03-21T02:08:36-04:00,Water,16,,ounces,,Health,1,0.8
2018-03-21T02:10:04-04:00,Fiction,1,,,Audible, Audio,6,.5
2018-03-21T11:58:20-04:00,Water,16,,ounces,,Health,1,0.8
2018-03-21T11:58:39-04:00,Ketones,5,,mg/dL,,Health,3,0.125
2018-03-21T12:00:12-04:00,Weight,139.4,,lb,,Health,4,2.2
2018-03-21T13:10:24-04:00,Butter,1,,,,Nutrition,3,0.5
2018-03-21T13:10:37-04:00,Caffeine,180,,mg,,Health,2,1.3333333333333333333333333333333333333
2018-03-21T13:10:56-04:00,Caffeine,180,,mg,,Health,2,1.3333333333333333333333333333333333333
2018-03-21T14:03:23-04:00,Fiction,1,,,Audible, Audio,6,.5
2018-03-21T17:22:57-04:00,Meal,1,,,,Nutrition,1,0.5
2018-03-21T17:23:11-04:00,Ketones,5,,mg/dL,,Health,3,0.125
2018-03-21T17:27:20-04:00,Water,20,,ounces,,Health,1,1
2018-03-21T17:27:56-04:00,Fiction,1,,,Audible, Audio,6,.5
2018-03-21T22:27:49-04:00,Alcohol,1,,,,Nutrition,6,0.5
2018-03-21T23:44:27-04:00,Fiction,1,,,Audible, Audio,6,.5
2018-03-22T00:02:49-04:00,Ketones,5,,mg/dL,,Health,3,0.125
2018-03-22T00:07:42-04:00,Water,20,,ounces,,Health,1,1
2018-03-22T00:07:50-04:00,Alcohol,1,,,,Nutrition,6,0.5
2018-03-22T00:20:05-04:00,Snack,1,,,,Nutrition,2,0.5
2018-03-22T03:14:30-04:00,Fiction,1,,,Audible, Audio,6,.5
2018-03-22T11:09:34-04:00,Ketones,5,,mg/dL,,Health,3,0.125
2018-03-22T11:16:18-04:00,Reptile,1,,,Pandora, Audio,1,.5
2018-03-22T11:48:20-04:00,Weight,139.6,,lb,,Health,4,2.3
2018-03-22T12:27:23-04:00,Fiction,1,,,Audible, Audio,6,.5
2018-03-22T13:05:57-04:00,Fiction,1,,,Audible, Audio,6,.5
2018-03-22T17:03:07-04:00,Butter,1,,,,Nutrition,3,0.5
2018-03-22T17:03:17-04:00,Caffeine,180,,mg,,Health,2,1.3333333333333333333333333333333333333
2018-03-22T17:07:15-04:00,Fiction,1,,,Audible, Audio,6,.5
2018-03-22T18:18:45-04:00,Meal,1,,,,Nutrition,1,0.5
2018-03-22T19:08:31-04:00,Fruit,1,,,,Nutrition,4,1
2018-03-22T19:08:36-04:00,Sweets,1,,,,Nutrition,5,1.5
2018-03-22T22:08:45-04:00,Sweets,1,,,,Nutrition,5,1.5
2018-03-22T22:23:07-04:00,Water,16,,ounces,,Health,1,0.8
2018-03-23T11:31:00-04:00,Tortuga,1,,,Pandora, Audio,2,.5
2018-03-23T12:13:38-04:00,LWR,1,,,Pandora, Audio,3,.5
2018-03-23T12:47:38-04:00,Bad,1,,,Demotivated, Mood,2,1
2018-03-23T12:49:59-04:00,Caffeine,180,,mg,,Health,2,1.3333333333333333333333333333333333333
2018-03-23T12:50:41-04:00,Caffeine,180,,mg,,Health,2,1.3333333333333333333333333333333333333
2018-03-23T12:50:52-04:00,Butter,1,,,,Nutrition,3,0.5
2018-03-23T18:36:44-04:00,Alcohol,1,,,,Nutrition,6,0.5
2018-03-23T18:36:53-04:00,Sweets,1,,,,Nutrition,5,1.5
2018-03-23T18:37:11-04:00,Sweets,1,,,,Nutrition,5,1.5
2018-03-23T18:44:56-04:00,Meal,1,,,,Nutrition,1,0.5
2018-03-23T21:13:27-04:00,Tortuga,1,,,Pandora, Audio,2,.5
2018-03-23T21:34:12-04:00,Fiction,1,,,Audible, Audio,6,.5
2018-03-24T01:17:42-04:00,Meal,1,,,,Nutrition,1,0.5
2018-03-24T01:18:11-04:00,Fiction,1,,,OverDrive, Audio,6,.5
2018-03-24T12:42:08-04:00,Water,20,,ounces,,Health,1,1
2018-03-24T12:58:53-04:00,Fiction,1,,,Audible, Audio,6,.5
2018-03-24T12:59:43-04:00,Bad,1,,,Don't want to go, Mood,2,1
2018-03-24T14:48:26-04:00,Butter,1,,,,Nutrition,3,0.5
2018-03-24T14:48:37-04:00,Caffeine,180,,mg,,Health,2,1.3333333333333333333333333333333333333
2018-03-24T14:55:52-04:00,Water,20,,ounces,,Health,1,1
2018-03-24T14:57:05-04:00,Fiction,1,,,Audible, Audio,6,.5
2018-03-24T20:56:59-04:00,Water,24,,ounces,,Health,1,1.2
2018-03-24T20:57:54-04:00,Fiction,1,,,Audible, Audio,6,.5
2018-03-24T21:11:34-04:00,Ketones,15,,mg/dL,,Health,3,0.375
2018-03-25T06:42:59-04:00,Tortuga,1,,,Pandora, Audio,2,.5
2018-03-25T07:23:45-04:00,Snack,1,,,,Nutrition,2,0.5
2018-03-25T07:24:00-04:00,Alcohol,1,,,,Nutrition,6,0.5
2018-03-25T07:24:09-04:00,Alcohol,1,,,,Nutrition,6,0.5
2018-03-25T07:24:16-04:00,Alcohol,1,,,,Nutrition,6,0.5
2018-03-25T07:24:23-04:00,Alcohol,1,,,,Nutrition,6,0.5
2018-03-25T07:24:34-04:00,Alcohol,1,,,,Nutrition,6,0.5
2018-03-25T07:24:43-04:00,Alcohol,1,,,,Nutrition,6,0.5
2018-03-25T07:26:29-04:00,Fiction,1,,,Audible, Audio,6,.5
2018-03-25T19:55:42-04:00,Meal,1,,,,Nutrition,1,0.5
2018-03-26T02:35:08-04:00,Alcohol,1,,,,Nutrition,6,0.5
2018-03-26T02:37:11-04:00,Fiction,1,,,Audible, Audio,6,.5
2018-03-26T11:33:45-04:00,Fiction,1,,,Audible, Audio,6,.5
2018-03-26T12:13:46-04:00,Fiction,1,,,Audible, Audio,6,.5
2018-03-26T14:30:24-04:00,Caffeine,180,,mg,,Health,2,1.3333333333333333333333333333333333333
2018-03-26T14:31:24-04:00,Butter,1,,,,Nutrition,3,0.5
2018-03-26T16:18:44-04:00,Ketones,5,,mg/dL,,Health,3,0.125
2018-03-26T17:13:03-04:00,Snack,1,,,,Nutrition,2,0.5
2018-03-26T23:59:00-04:00,Meal,1,,,,Nutrition,1,0.5
2018-03-27T01:05:16-04:00,Ketones,80,,mg/dL,,Health,3,2
2018-03-27T01:06:35-04:00,Water,20,,ounces,,Health,1,1
2018-03-27T09:17:35-04:00,Water,16,,ounces,,Health,1,0.8
2018-03-27T09:27:48-04:00,Fiction,1,,,Audible, Audio,6,.5
2018-03-27T11:52:34-04:00,Caffeine,180,,mg,,Health,2,1.3333333333333333333333333333333333333
2018-03-27T11:52:48-04:00,Caffeine,180,,mg,,Health,2,1.3333333333333333333333333333333333333
2018-03-27T13:02:24-04:00,Fiction,1,,,Audible, Audio,6,.5
2018-03-27T13:36:02-04:00,Fruit,1,,,,Nutrition,4,1
2018-03-27T13:36:08-04:00,Butter,1,,,,Nutrition,3,0.5
2018-03-27T13:54:25-04:00,Water,20,,ounces,,Health,1,1
2018-03-27T13:57:56-04:00,Ketones,15,,mg/dL,,Health,3,0.375
2018-03-27T14:00:36-04:00,Caffeine,135,,mg,,Health,2,1
2018-03-27T22:50:36-04:00,Ketones,40,,mg/dL,,Health,3,1
2018-03-27T22:50:45-04:00,Snack,1,,,,Nutrition,2,0.5
2018-03-27T22:58:02-04:00,Fiction,1,,,Audible, Audio,6,.5
2018-03-28T00:26:17-04:00,Meal,1,,,,Nutrition,1,0.5
2018-03-28T01:53:52-04:00,Fiction,1,,,Audible, Audio,6,.5
2018-03-28T13:25:13-04:00,Tortuga,1,,,Pandora, Audio,2,.5
2018-03-28T16:11:14-04:00,Nonfiction,1,,,OverDrive, Audio,7,.5
2018-03-28T16:55:35-04:00,Butter,1,,,,Nutrition,3,0.5
2018-03-28T16:55:44-04:00,Caffeine,180,,mg,,Health,2,1.3333333333333333333333333333333333333
2018-03-28T16:56:00-04:00,Water,20,,ounces,,Health,1,1
2018-03-28T16:57:46-04:00,Fiction,1,,,Audible, Audio,6,.5
2018-03-28T18:30:18-04:00,Neural,1,,,Unfocused, Mood,3,1
2018-03-28T18:32:42-04:00,Snack,1,,,,Nutrition,2,0.5
2018-03-28T18:32:47-04:00,Fruit,1,,,,Nutrition,4,1
2018-03-28T21:39:29-04:00,Fiction,1,,,Audible, Audio,6,.5
2018-03-29T02:34:34-04:00,Meal,1,,,,Nutrition,1,0.5
2018-03-29T02:34:41-04:00,Alcohol,1,,,,Nutrition,6,0.5
2018-03-29T02:34:45-04:00,Alcohol,1,,,,Nutrition,6,0.5
2018-03-29T02:35:21-04:00,Water,20,,ounces,,Health,1,1
2018-03-29T03:49:22-04:00,Fiction,1,,,Audible, Audio,6,.5
2018-03-29T11:22:01-04:00,Water,20,,ounces,,Health,1,1
2018-03-29T13:19:55-04:00,Butter,1,,,,Nutrition,3,0.5
2018-03-29T13:20:05-04:00,Caffeine,180,,mg,,Health,2,1.3333333333333333333333333333333333333
2018-03-29T13:20:21-04:00,Caffeine,180,,mg,,Health,2,1.3333333333333333333333333333333333333
2018-03-29T13:20:33-04:00,Weight,141.6,,lb,,Health,4,3.3
2018-03-29T13:29:47-04:00,Fiction,1,,,Audible, Audio,6,.5
2018-03-29T13:32:49-04:00,Water,20,,ounces,,Health,1,1
2018-03-29T20:21:35-04:00,Fiction,1,,,Audible, Audio,6,.5
2018-03-29T22:06:19-04:00,Alcohol,1,,,,Nutrition,6,0.5
2018-03-29T22:06:27-04:00,Alcohol,1,,,,Nutrition,6,0.5
2018-03-29T22:06:31-04:00,Alcohol,1,,,,Nutrition,6,0.5
2018-03-29T22:06:36-04:00,Alcohol,1,,,,Nutrition,6,0.5
2018-03-29T22:06:41-04:00,Alcohol,1,,,,Nutrition,6,0.5
2018-03-29T22:06:46-04:00,Fruit,1,,,,Nutrition,4,1
2018-03-29T22:06:51-04:00,Butter,1,,,,Nutrition,3,0.5
2018-03-29T22:06:58-04:00,Snack,1,,,,Nutrition,2,0.5
2018-03-30T00:35:31-04:00,Fiction,1,,,Audible, Audio,6,.5
2018-03-30T01:12:53-04:00,Water,16,,ounces,,Health,1,0.8
2018-03-30T02:00:39-04:00,Fiction,1,,,Audible, Audio,6,.5
2018-03-30T14:01:41-04:00,Butter,1,,,,Nutrition,3,0.5
2018-03-30T14:01:58-04:00,Caffeine,180,,mg,,Health,2,1.3333333333333333333333333333333333333
2018-03-30T14:02:05-04:00,Water,20,,ounces,,Health,1,1
2018-03-31T00:01:31-04:00,Fiction,1,,,Audible, Audio,6,.5
2018-03-31T11:10:13-04:00,Water,20,,ounces,,Health,1,1
2018-03-31T11:11:05-04:00,Sweets,1,,,,Nutrition,5,1.5
2018-03-31T11:11:10-04:00,Sweets,1,,,,Nutrition,5,1.5
2018-03-31T11:11:15-04:00,Butter,1,,,,Nutrition,3,0.5
2018-03-31T11:11:21-04:00,Fruit,1,,,,Nutrition,4,1
2018-03-31T11:11:26-04:00,Fruit,1,,,,Nutrition,4,1
2018-03-31T11:11:37-04:00,Alcohol,1,,,,Nutrition,6,0.5
2018-03-31T11:11:42-04:00,Alcohol,1,,,,Nutrition,6,0.5
2018-03-31T11:11:48-04:00,Alcohol,1,,,,Nutrition,6,0.5
2018-03-31T11:11:53-04:00,Alcohol,1,,,,Nutrition,6,0.5
2018-03-31T11:17:40-04:00,Fiction,1,,,OverDrive, Audio,6,.5
2018-03-31T11:56:39-04:00,Bad,1,,,Small, Mood,2,1
2018-03-31T13:42:01-04:00,Fiction,1,,,OverDrive, Audio,6,.5
2018-03-31T16:50:21-04:00,Podcast,1,,,Podcasts, Audio,5,.5
2018-04-01T23:27:23-04:00,Fiction,1,,,OverDrive, Audio,6,.5
2018-04-02T11:10:03-04:00,Caffeine,180,,mg,,Health,2,1.3333333333333333333333333333333333333
2018-04-02T11:10:10-04:00,Butter,1,,,,Nutrition,3,0.5
2018-04-02T11:10:16-04:00,Snack,1,,,,Nutrition,2,0.5
2018-04-02T11:10:22-04:00,Fruit,1,,,,Nutrition,4,1
2018-04-02T11:10:27-04:00,Butter,1,,,,Nutrition,3,0.5
2018-04-02T11:24:51-04:00,Fiction,1,,,OverDrive, Audio,6,.5
2018-04-02T13:58:58-04:00,Bad,1,,,Grumpy, Mood,2,1
2018-04-02T21:19:53-04:00,Fiction,1,,,OverDrive, Audio,6,.5
2018-04-02T22:26:58-04:00,Snack,1,,,,Nutrition,2,0.5
2018-04-02T22:27:04-04:00,Butter,1,,,,Nutrition,3,0.5
2018-04-02T22:27:12-04:00,Fruit,1,,,,Nutrition,4,1
2018-04-02T22:27:19-04:00,Snack,1,,,,Nutrition,2,0.5
2018-04-02T22:27:24-04:00,Butter,1,,,,Nutrition,3,0.5
2018-04-02T22:27:31-04:00,Fruit,1,,,,Nutrition,4,1
2018-04-02T22:27:37-04:00,Meal,1,,,,Nutrition,1,0.5
2018-04-02T22:27:46-04:00,Caffeine,180,,mg,,Health,2,1.3333333333333333333333333333333333333
2018-04-02T22:27:58-04:00,Caffeine,180,,mg,,Health,2,1.3333333333333333333333333333333333333
2018-04-02T22:28:13-04:00,Alcohol,1,,,,Nutrition,6,0.5
2018-04-03T00:30:50-04:00,Alcohol,1,,,,Nutrition,6,0.5
2018-04-03T10:00:45-04:00,Fiction,1,,,OverDrive, Audio,6,.5
2018-04-03T11:37:40-04:00,Fiction,1,,,OverDrive, Audio,6,.5
2018-04-03T13:00:34-04:00,Fiction,1,,,OverDrive, Audio,6,.5
2018-04-03T14:26:39-04:00,Fiction,1,,,OverDrive, Audio,6,.5
2018-04-03T16:12:50-04:00,Snack,1,,,,Nutrition,2,0.5
2018-04-03T16:12:56-04:00,Fruit,1,,,,Nutrition,4,1
2018-04-03T16:13:02-04:00,Butter,1,,,,Nutrition,3,0.5
2018-04-03T16:13:25-04:00,Water,16,,ounces,,Health,1,0.8
2018-04-03T16:13:33-04:00,Water,20,,ounces,,Health,1,1
2018-04-03T16:13:38-04:00,Butter,1,,,,Nutrition,3,0.5
2018-04-03T16:13:45-04:00,Butter,1,,,,Nutrition,3,0.5
2018-04-03T16:30:15-04:00,Meal,1,,,,Nutrition,1,0.5
2018-04-03T20:32:41-04:00,Snack,1,,,,Nutrition,2,0.5
2018-04-03T21:28:10-04:00,Alcohol,1,,,,Nutrition,6,0.5
2018-04-03T22:28:08-04:00,Alcohol,1,,,,Nutrition,6,0.5
2018-04-04T00:19:15-04:00,Water,16,,ounces,,Health,1,0.8
2018-04-04T09:59:20-04:00,Water,16,,ounces,,Health,1,0.8
2018-04-04T10:00:51-04:00,Fiction,1,,,OverDrive, Audio,6,.5
2018-04-04T10:58:31-04:00,Butter,1,,,,Nutrition,3,0.5
2018-04-04T10:58:41-04:00,Caffeine,180,,mg,,Health,2,1.3333333333333333333333333333333333333
2018-04-04T13:40:16-04:00,Fiction,1,,,OverDrive, Audio,6,.5
2018-04-04T16:24:37-04:00,Fiction,1,,,OverDrive, Audio,6,.5
2018-04-04T18:01:50-04:00,Meal,1,,,,Nutrition,1,0.5
2018-04-04T20:25:18-04:00,Nonfiction,1,,,OverDrive, Audio,7,.5
2018-04-04T23:16:49-04:00,Alcohol,1,,,,Nutrition,6,0.5
2018-04-04T23:16:55-04:00,Alcohol,1,,,,Nutrition,6,0.5
2018-04-04T23:17:03-04:00,Butter,1,,,,Nutrition,3,0.5
2018-04-05T10:28:04-04:00,Butter,1,,,,Nutrition,3,0.5
2018-04-05T10:28:13-04:00,Butter,1,,,,Nutrition,3,0.5
2018-04-05T10:28:24-04:00,Caffeine,180,,mg,,Health,2,1.3333333333333333333333333333333333333
2018-04-05T10:28:35-04:00,Caffeine,180,,mg,,Health,2,1.3333333333333333333333333333333333333
2018-04-05T16:43:39-04:00,Meal,1,,,,Nutrition,1,0.5
2018-04-05T16:43:46-04:00,Snack,1,,,,Nutrition,2,0.5
2018-04-05T16:43:51-04:00,Butter,1,,,,Nutrition,3,0.5
2018-04-05T16:43:57-04:00,Fruit,1,,,,Nutrition,4,1
2018-04-05T17:12:53-04:00,Meal,1,,,,Nutrition,1,0.5
2018-04-06T09:37:25-04:00,Alcohol,1,,,,Nutrition,6,0.5
2018-04-06T09:37:34-04:00,Snack,1,,,,Nutrition,2,0.5
2018-04-06T09:37:39-04:00,Butter,1,,,,Nutrition,3,0.5
2018-04-06T09:38:01-04:00,Caffeine,180,,mg,,Health,2,1.3333333333333333333333333333333333333
2018-04-06T10:05:22-04:00,Water,16,,ounces,,Health,1,0.8
2018-04-06T10:08:31-04:00,Fiction,1,,,OverDrive, Audio,6,.5
2018-04-06T20:37:49-04:00,Meal,1,,,,Nutrition,1,0.5
2018-04-06T20:37:53-04:00,P1,1,,,,Bad habit,1,1
2018-04-06T20:38:15-04:00,Neural,1,,,Anxious, Mood,3,1
2018-04-06T20:38:33-04:00,Sweets,1,,,,Nutrition,5,1.5
2018-04-06T21:48:49-04:00,P1,1,,,,Bad habit,1,1
2018-04-06T21:48:53-04:00,P1,1,,,,Bad habit,1,1
2018-04-06T21:49:00-04:00,Alcohol,1,,,,Nutrition,6,0.5
2018-04-06T21:49:05-04:00,Snack,1,,,,Nutrition,2,0.5
2018-04-07T00:30:02-04:00,Alcohol,1,,,,Nutrition,6,0.5
2018-04-07T01:45:31-04:00,Fiction,1,,,OverDrive, Audio,6,.5
2018-04-07T01:46:02-04:00,Water,12,,ounces,,Health,1,0.6
2018-04-07T09:28:44-04:00,Butter,1,,,,Nutrition,3,0.5
2018-04-07T09:28:58-04:00,Caffeine,180,,mg,,Health,2,1.3333333333333333333333333333333333333
2018-04-07T09:29:08-04:00,Caffeine,180,,mg,,Health,2,1.3333333333333333333333333333333333333
2018-04-07T12:41:34-04:00,Alcohol,1,,,,Nutrition,6,0.5
2018-04-07T12:56:39-04:00,Tortuga,1,,,Pandora, Audio,2,.5
2018-04-07T21:37:31-04:00,Alcohol,1,,,,Nutrition,6,0.5
2018-04-07T21:37:40-04:00,Alcohol,1,,,,Nutrition,6,0.5
2018-04-07T21:37:46-04:00,Alcohol,1,,,,Nutrition,6,0.5
2018-04-07T21:38:14-04:00,Sweets,1,,,,Nutrition,5,1.5
2018-04-07T21:38:18-04:00,Meal,1,,,,Nutrition,1,0.5
2018-04-07T22:16:50-04:00,Sweets,1,,,,Nutrition,5,1.5
2018-04-07T22:16:55-04:00,Alcohol,1,,,,Nutrition,6,0.5
2018-04-08T21:59:42-04:00,Alcohol,1,,,,Nutrition,6,0.5
2018-04-08T21:59:48-04:00,Alcohol,1,,,,Nutrition,6,0.5
2018-04-08T21:59:53-04:00,Alcohol,1,,,,Nutrition,6,0.5
2018-04-08T21:59:58-04:00,Meal,1,,,,Nutrition,1,0.5
2018-04-08T22:00:05-04:00,Sweets,1,,,,Nutrition,5,1.5
2018-04-08T22:00:10-04:00,Sweets,1,,,,Nutrition,5,1.5
2018-04-11T12:49:30-04:00,Tortuga,1,,,Pandora, Audio,2,.5
2018-04-11T15:13:26-04:00,Alcohol,1,,,,Nutrition,6,0.5
2018-04-11T20:19:59-04:00,P1,1,,,,Bad habit,1,1
2018-04-11T20:20:12-04:00,Fiction,1,,,OverDrive, Audio,6,.5
2018-04-11T20:34:03-04:00,P1,1,,,,Bad habit,1,1
2018-04-12T09:08:07-04:00,Nonfiction,1,,,OverDrive, Audio,7,.5
2018-04-12T10:17:04-04:00,Butter,1,,,,Nutrition,3,0.5
2018-04-12T10:17:12-04:00,Caffeine,180,,mg,,Health,2,1.3333333333333333333333333333333333333
2018-04-12T10:17:23-04:00,Caffeine,180,,mg,,Health,2,1.3333333333333333333333333333333333333
2018-04-12T10:39:45-04:00,Fiction,1,,,OverDrive, Audio,6,.5
2018-04-12T11:22:57-04:00,Snack,1,,,,Nutrition,2,0.5
2018-04-12T12:53:51-04:00,Butter,1,,,,Nutrition,3,0.5
2018-04-12T18:35:03-04:00,P1,1,,,,Bad habit,1,1
2018-04-12T18:35:09-04:00,P1,1,,,,Bad habit,1,1
2018-04-12T18:35:22-04:00,Fiction,1,,,OverDrive, Audio,6,.5
2018-04-12T20:10:50-04:00,P1,1,,,,Bad habit,1,1
2018-04-12T20:40:42-04:00,Alcohol,1,,,,Nutrition,6,0.5
2018-04-12T21:56:11-04:00,Fiction,1,,,OverDrive, Audio,6,.5
2018-04-13T01:05:38-04:00,Alcohol,1,,,,Nutrition,6,0.5
2018-04-13T09:53:13-04:00,Water,12,,ounces,,Health,1,0.6
2018-04-13T09:53:21-04:00,Water,12,,ounces,,Health,1,0.6
2018-04-13T09:53:30-04:00,Caffeine,180,,mg,,Health,2,1.3333333333333333333333333333333333333
2018-04-13T09:53:57-04:00,Meal,1,,,,Nutrition,1,0.5
2018-04-13T12:10:10-04:00,Fiction,1,,,OverDrive, Audio,6,.5
2018-04-13T15:36:35-04:00,Alcohol,1,,,,Nutrition,6,0.5
2018-04-13T15:36:45-04:00,Sweets,1,,,,Nutrition,5,1.5
2018-04-13T20:35:50-04:00,Alcohol,1,,,,Nutrition,6,0.5
2018-04-13T20:35:57-04:00,Alcohol,1,,,,Nutrition,6,0.5
2018-04-13T20:36:03-04:00,Sweets,1,,,,Nutrition,5,1.5
2018-04-13T20:36:09-04:00,Meal,1,,,,Nutrition,1,0.5
2018-04-14T10:27:00-04:00,Podcast,1,,,Podcasts, Audio,5,.5
2018-04-14T12:48:51-04:00,P1,1,,,,Bad habit,1,1
2018-04-14T12:48:56-04:00,P1,1,,,,Bad habit,1,1
2018-04-14T15:24:50-04:00,Tortuga,1,,,Pandora, Audio,2,.5
2018-04-14T22:56:03-04:00,Alcohol,1,,,,Nutrition,6,0.5
2018-04-14T22:56:11-04:00,Alcohol,1,,,,Nutrition,6,0.5
2018-04-14T22:56:17-04:00,Alcohol,1,,,,Nutrition,6,0.5
2018-04-14T22:56:23-04:00,Alcohol,1,,,,Nutrition,6,0.5
2018-04-14T22:56:30-04:00,Alcohol,1,,,,Nutrition,6,0.5
2018-04-14T22:56:35-04:00,Alcohol,1,,,,Nutrition,6,0.5
2018-04-15T03:02:30-04:00,P1,1,,,,Bad habit,1,1
2018-04-15T03:02:35-04:00,P1,1,,,,Bad habit,1,1
2018-04-15T03:02:48-04:00,Reptile,1,,,Pandora, Audio,1,.5
2018-04-15T13:38:13-04:00,Fiction,1,,,OverDrive, Audio,6,.5
2018-04-15T17:52:21-04:00,Fiction,1,,,OverDrive, Audio,6,.5
2018-04-15T19:38:04-04:00,Fiction,1,,,OverDrive, Audio,6,.5
2018-04-15T20:07:51-04:00,P1,1,,,,Bad habit,1,1
2018-04-16T00:11:28-04:00,P1,1,,,,Bad habit,1,1
2018-04-16T00:11:31-04:00,P1,1,,,,Bad habit,1,1
2018-04-16T11:33:44-04:00,Butter,1,,,,Nutrition,3,0.5
2018-04-16T11:33:54-04:00,Caffeine,180,,mg,,Health,2,1.3333333333333333333333333333333333333
2018-04-16T18:14:23-04:00,P1,1,,,,Bad habit,1,1
2018-04-16T18:14:29-04:00,P1,1,,,,Bad habit,1,1
2018-04-16T21:47:22-04:00,Fiction,1,,,OverDrive, Audio,6,.5
2018-04-16T23:29:10-04:00,Alcohol,1,,,,Nutrition,6,0.5
2018-04-16T23:29:15-04:00,Alcohol,1,,,,Nutrition,6,0.5
2018-04-16T23:29:20-04:00,Sweets,1,,,,Nutrition,5,1.5
2018-04-16T23:29:23-04:00,P1,1,,,,Bad habit,1,1
2018-04-16T23:29:47-04:00,Fiction,1,,,OverDrive, Audio,6,.5
2018-04-17T09:12:46-04:00,Podcast,1,,,Podcasts, Audio,5,.5
2018-04-17T12:10:54-04:00,Caffeine,180,,mg,,Health,2,1.3333333333333333333333333333333333333
2018-04-17T12:11:11-04:00,Caffeine,180,,mg,,Health,2,1.3333333333333333333333333333333333333
2018-04-17T12:11:16-04:00,Butter,1,,,,Nutrition,3,0.5
2018-04-17T12:11:21-04:00,Butter,1,,,,Nutrition,3,0.5
2018-04-17T12:11:40-04:00,Tortuga,1,,,Pandora, Audio,2,.5
2018-04-17T14:40:10-04:00,Tortuga,1,,,Pandora, Audio,2,.5
2018-04-17T23:04:56-04:00,Nonfiction,1,,,Audible, Audio,7,.5
2018-04-17T23:38:39-04:00,Fiction,1,,,OverDrive, Audio,6,.5
2018-04-18T09:54:43-04:00,Nonfiction,1,,,Audible, Audio,7,.5
2018-04-18T10:53:02-04:00,P1,1,,,,Bad habit,1,1
2018-04-18T10:53:59-04:00,Podcast,1,,,Podcasts, Audio,5,.5
2018-04-18T15:33:06-04:00,Snack,1,,,,Nutrition,2,0.5
2018-04-18T22:00:14-04:00,P1,1,,,,Bad habit,1,1
2018-04-18T22:00:24-04:00,Alcohol,1,,,,Nutrition,6,0.5
2018-04-18T23:36:46-04:00,Fiction,1,,,OverDrive, Audio,6,.5
2018-04-18T23:45:53-04:00,P1,1,,,,Bad habit,1,1
2018-04-19T00:59:33-04:00,Fiction,1,,,OverDrive, Audio,6,.5
2018-04-19T11:15:10-04:00,Podcast,1,,,Podcasts, Audio,5,.5
2018-04-19T12:19:47-04:00,Tortuga,1,,,Pandora, Audio,2,.5
2018-04-19T12:27:35-04:00,Butter,1,,,,Nutrition,3,0.5
2018-04-19T12:27:44-04:00,Caffeine,180,,mg,,Health,2,1.3333333333333333333333333333333333333
2018-04-19T12:27:56-04:00,Caffeine,135,,mg,,Health,2,1
2018-04-19T13:50:20-04:00,Ketones,40,,mg/dL,,Health,3,1
2018-04-19T14:08:27-04:00,Fiction,1,,,OverDrive, Audio,6,.5
2018-04-19T17:00:39-04:00,Fiction,1,,,OverDrive, Audio,6,.5
2018-04-19T17:59:59-04:00,P1,1,,,,Bad habit,1,1
2018-04-19T22:25:22-04:00,Fiction,1,,,OverDrive, Audio,6,.5
2018-04-20T02:47:20-04:00,Fiction,1,,,OverDrive, Audio,6,.5
2018-04-20T09:56:05-04:00,Podcast,1,,,Podcasts, Audio,5,.5
2018-04-20T10:43:16-04:00,Nonfiction,1,,,Audible, Audio,7,.5
2018-04-20T11:59:35-04:00,Podcast,1,,,Podcasts, Audio,5,.5
2018-04-20T18:26:25-04:00,Podcast,1,,,Podcasts, Audio,5,.5
2018-04-20T23:45:19-04:00,Fiction,1,,,OverDrive, Audio,6,.5
2018-04-21T14:47:30-04:00,Podcast,1,,,Podcasts, Audio,5,.5
2018-04-21T21:06:38-04:00,Podcast,1,,,Podcasts, Audio,5,.5
2018-04-22T22:25:19-04:00,Podcast,1,,,Podcasts, Audio,5,.5
2018-04-23T09:36:28-04:00,Podcast,1,,,Podcasts, Audio,5,.5
2018-04-23T15:18:08-04:00,Podcast,1,,,Podcasts, Audio,5,.5
2018-04-23T15:54:18-04:00,Other music,1,,,Amazon, Audio,4,.5
2018-04-23T16:30:22-04:00,Ketones,15,,mg/dL,,Health,3,0.375
2018-04-23T17:26:58-04:00,Neural,1,,,Exhausted, Mood,3,1
2018-04-23T19:25:37-04:00,Podcast,1,,,Podcasts, Audio,5,.5
2018-04-23T20:20:28-04:00,Podcast,1,,,Podcasts, Audio,5,.5
2018-04-23T22:41:55-04:00,P1,1,,,,Bad habit,1,1
2018-04-23T22:42:17-04:00,Podcast,1,,,Podcasts, Audio,5,.5
2018-04-24T00:04:41-04:00,Bad,1,,,Small, Mood,2,1
2018-04-24T00:05:03-04:00,Fiction,1,,,OverDrive, Audio,6,.5
2018-04-24T09:47:12-04:00,Podcast,1,,,Spotify, Audio,5,.5
2018-04-24T13:06:16-04:00,Ketones,5,,mg/dL,,Health,3,0.125
2018-04-24T13:44:54-04:00,Podcast,1,,,Spotify, Audio,5,.5
2018-04-24T16:04:55-04:00,Alcohol,1,,,,Nutrition,6,0.5
2018-04-24T18:45:46-04:00,Alcohol,1,,,,Nutrition,6,0.5
2018-04-24T22:41:06-04:00,Podcast,1,,,Spotify, Audio,5,.5
2018-04-24T22:50:45-04:00,Bad,1,,,Home, Mood,2,1
2018-04-24T23:43:38-04:00,P1,1,,,,Bad habit,1,1
2018-04-24T23:43:42-04:00,P1,1,,,,Bad habit,1,1
2018-04-24T23:43:48-04:00,Alcohol,1,,,,Nutrition,6,0.5
2018-04-24T23:43:54-04:00,Alcohol,1,,,,Nutrition,6,0.5
2018-04-25T00:18:02-04:00,Fiction,1,,,OverDrive, Audio,6,.5
2018-04-25T12:53:05-04:00,P1,1,,,,Bad habit,1,1
2018-04-25T12:53:13-04:00,Butter,1,,,,Nutrition,3,0.5
2018-04-25T12:53:25-04:00,Caffeine,180,,mg,,Health,2,1.3333333333333333333333333333333333333
2018-04-25T12:53:36-04:00,Caffeine,180,,mg,,Health,2,1.3333333333333333333333333333333333333
2018-04-25T13:23:39-04:00,Nonfiction,1,,,OverDrive, Audio,7,.5
2018-04-25T14:22:57-04:00,Ketones,15,,mg/dL,,Health,3,0.375
2018-04-25T21:18:42-04:00,Fiction,1,,,OverDrive, Audio,6,.5
2018-04-26T08:59:28-04:00,Podcast,1,,,Spotify, Audio,5,.5
2018-04-26T10:47:24-04:00,Meal,1,,,,Nutrition,1,0.5
2018-04-26T10:47:38-04:00,Caffeine,180,,mg,,Health,2,1.3333333333333333333333333333333333333
2018-04-26T10:47:48-04:00,Nonfiction,1,,,OverDrive, Audio,7,.5
2018-04-26T12:33:16-04:00,Podcast,1,,,Podcasts, Audio,5,.5
2018-04-26T23:04:12-04:00,Podcast,1,,,Podcasts, Audio,5,.5
2018-04-26T23:18:43-04:00,Nonfiction,1,,,Audible, Audio,7,.5
2018-04-27T08:48:40-04:00,Fiction,1,,,OverDrive, Audio,6,.5
2018-04-27T17:58:44-04:00,Podcast,1,,,Podcasts, Audio,5,.5
2018-04-27T23:12:44-04:00,P1,1,,,,Bad habit,1,1
2018-04-27T23:12:51-04:00,P1,1,,,,Bad habit,1,1
2018-04-27T23:12:56-04:00,P1,1,,,,Bad habit,1,1
2018-04-27T23:13:11-04:00,Podcast,1,,,Podcasts, Audio,5,.5
2018-04-28T08:27:44-04:00,Podcast,1,,,Podcasts, Audio,5,.5
2018-04-28T18:50:55-04:00,Tortuga,1,,,Pandora, Audio,2,.5
2018-04-28T21:06:54-04:00,Podcast,1,,,Podcasts, Audio,5,.5
2018-04-28T21:07:08-04:00,Fiction,1,,,OverDrive, Audio,6,.5
2018-04-28T21:10:55-04:00,P1,1,,,,Bad habit,1,1
2018-04-28T23:14:52-04:00,Alcohol,1,,,,Nutrition,6,0.5
2018-04-29T00:05:12-04:00,Fiction,1,,,OverDrive, Audio,6,.5
2018-04-29T08:51:07-04:00,Podcast,1,,,Podcasts, Audio,5,.5
2018-04-29T13:29:58-04:00,Meal,1,,,,Nutrition,1,0.5
2018-04-29T13:30:06-04:00,Sweets,1,,,,Nutrition,5,1.5
2018-04-29T14:20:57-04:00,Podcast,1,,,Podcasts, Audio,5,.5
2018-04-30T09:15:31-04:00,Podcast,1,,,Podcasts, Audio,5,.5
2018-04-30T11:40:08-04:00,Podcast,1,,,Podcasts, Audio,5,.5
2018-04-30T18:14:04-04:00,Podcast,1,,,Podcasts, Audio,5,.5
2018-04-30T18:14:29-04:00,P1,1,,,,Bad habit,1,1
2018-05-01T00:32:10-04:00,Podcast,1,,,Podcasts, Audio,5,.5
2018-05-01T07:23:36-04:00,Alcohol,1,,,,Nutrition,6,0.5
2018-05-01T07:54:47-04:00,Podcast,1,,,Podcasts, Audio,5,.5
2018-05-01T09:53:58-04:00,Podcast,1,,,Podcasts, Audio,5,.5
2018-05-01T11:33:34-04:00,Podcast,1,,,Podcasts, Audio,5,.5
2018-05-01T12:54:42-04:00,P1,1,,,,Bad habit,1,1
2018-05-01T12:54:48-04:00,P1,1,,,,Bad habit,1,1
2018-05-01T14:46:43-04:00,Podcast,1,,,Podcasts, Audio,5,.5
2018-05-01T19:22:47-04:00,Podcast,1,,,Podcasts, Audio,5,.5
2018-05-02T07:55:33-04:00,Podcast,1,,,Podcasts, Audio,5,.5
2018-05-02T19:03:20-04:00,Podcast,1,,,Podcasts, Audio,5,.5
2018-05-02T22:54:41-04:00,Fiction,1,,,OverDrive, Audio,6,.5
2018-05-03T09:11:23-04:00,Weight,140.4,,lb,,Health,4,2.7
2018-05-03T17:17:29-04:00,Podcast,1,,,Podcasts, Audio,5,.5
2018-05-04T11:18:24-04:00,Podcast,1,,,Podcasts, Audio,5,.5
2018-05-05T20:40:47-04:00,Podcast,1,,,Podcasts, Audio,5,.5